item_id,text_sha256,decision,reviewer,date,note
kmp-nv-001-moral-bad,c8d6c0072d578668c6633df2f3b4d779a0b1ef2e24422876c5f36efe67315f6d,,,,
kmp-nv-001-moral-good,4021e9d69a7f2a7dede4ed99a7b2d309de6f78c6db3783856758c1a2147a5e62,,,,
kmp-nv-002-moral-bad,3b24e8bb8e1d619b930070f252a799dbe81c47f5606a858c97d8f8bf84d03a53,,,,
kmp-nv-002-moral-good,2c6bfa8025067ba4796b699f053ccaa0144e59e21d773d5dd774282725ee7dda,,,,
kmp-nv-003-moral-bad,851c72b8422a79a7936f62e9ea9f92198d2d999d8038f39dbf7a5b20b5cc2621,,,,
kmp-nv-003-moral-good,aceca16ee7e4bb95e1ca5f553b453ec6225f5051e6245ccbc042d1bfb43f6f53,,,,
kmp-nv-004-moral-bad,9d3b6fa91bed9ef433cddf95b03f8344569335e9808ba424335df488619e3bf3,,,,
kmp-nv-004-moral-good,858b96eb4e36087aabe6b98c2120f8e4cb53305ec2c4705f2d450f615c217c63,,,,
kmp-nv-005-moral-bad,84453f4176b53e8e82319e8e3815ce8102ef0e2594f5cf378eae86d236b47daf,,,,
kmp-nv-005-moral-good,5803ec81db6fdcf41ac3b89347bc55e1bd45558600f8da30e92bfb453b76fb7a,,,,
kmp-nv-006-moral-bad,e3b4213196b8a66e9c5d50053295ad051ab7383a1e7ca38300560cf511b8f357,,,,
kmp-nv-006-moral-good,8feef78b61e0fe7f1deb7fd291b234d90fd7cda7df5ebec0c4982541d0af33b0,,,,
kmp-nv-007-moral-bad,6ac91540477eda6843f4bc76d71fcd85adfc113332e6760bf97f5db3412c727e,,,,
kmp-nv-007-moral-good,41c3cd5604ad405e2c02f5f845ec7b9f47cb2550043cbac7123e059471e13338,,,,
kmp-nv-008-moral-bad,ace023680c2ed1948b34b318f49de8bafaee4780f29a688768f6eabc282366ac,,,,
kmp-nv-008-moral-good,e2ed869cc75cab3dfbe0fa29af1d34f687fa3e93e9201cb2d7c6d9e02eca1b22,,,,
kmp-nv-009-moral-bad,232aa2ea0ffc02576c8312cd03ea88b3209768af92f71b51f1ea3ee587214403,,,,
kmp-nv-009-moral-good,c9674c9fc63fa040b2778da4e8ab5098863d1b84eca1eb11fd717639b17341e6,,,,
kmp-nv-010-moral-bad,fe8e556c9d1e099c0a5e42302b1f32ab4e895a481ff4dc3f505fef250c9b9cea,,,,
kmp-nv-010-moral-good,f61ebcb82f06a9b9b1cf6916f78c910f5b3050771e36f92a46742e3e559b5514,,,,
kmp-nv-011-moral-bad,9233f1f161fa18b53efae784c5c08e65dda95c89f459f0cdee0c6d3e8e428aa4,,,,
kmp-nv-011-moral-good,062124b5b907da28fe0a2710cd235d5cc0297898fb0c10a20a74b8d5e8089515,,,,
kmp-nv-012-moral-bad,fa56f1654f7aab32f08ffa326c3adac9e035edfa5a993629bce9ae3f0028f7bb,,,,
kmp-nv-012-moral-good,1754b0e074435ce3c1fa6eb2136a8f73c240a4e3b159fb80fb6f3611cfb5402d,,,,
kmp-nv-013-moral-bad,3e5f78f098a12355c586c12ffa9aeb3a2d1d792cf958654addec2747b0babbb2,,,,
kmp-nv-013-moral-good,512c00de3fb4d310ca55a9187a149e4b60264941517b22e6781e0d7662c09d75,,,,
kmp-nv-014-moral-bad,861dc5d9c2f11a1e905931cdcd60f9cc18ad730d46b409192d687fbee7c35d3e,,,,
kmp-nv-014-moral-good,ce5536a751829194f642027d153cf04cc5b112610a49957ac6bf8d1765b678fb,,,,
kmp-nv-015-moral-bad,481927b0e2174029228d419f438ad24c32b0603101d87870ebd46b6fe1a152ee,,,,
kmp-nv-015-moral-good,b0d87199c8f01b860a3346042ab0058a9c19a70aa2ac2e5547fdfe5d65604f8e,,,,
kmp-nv-016-moral-bad,4515c20604e7174dc17a8f29c5e9c2d9be7b686de3991a2e3cc780c761d1b19f,,,,
kmp-nv-016-moral-good,018acf11dd6f8d0cebeadb12716263f591b2ce035d2ec085807e2eb3a5dc2dad,,,,
kmp-nv-017-moral-bad,12699c99c06dda577230a24be38f301db2b6bbec601039baf45b4efd8748ff65,,,,
kmp-nv-017-moral-good,b6c49168f673b0743dcc4b12110734d2c7e145fb7c09026c98d61b2d8415a578,,,,
kmp-nv-018-moral-bad,cf25f4f381d94d8a3c2cf4125130a9de469987b8fe200349970f62e0b70dc710,,,,
kmp-nv-018-moral-good,92bc056c19d40a7d59e85ac6f1f39c90615bae5b0c441f5bd0c4a6b3f9a67abe,,,,
kmp-nv-019-moral-bad,623635afeb4ccee8704846624250ccf587eb9f3f4d3e7332b6b8d6603ccacc8a,,,,
kmp-nv-019-moral-good,73e502ebcbbd7c36bc9101c8aa1e09c64cce9e2ee1a5465b9f924e4b4241a7c3,,,,
kmp-nv-020-moral-bad,4cbb84565169a19683377ff208425bc1239d67367bab2cfe3da84785b6b31984,,,,
kmp-nv-020-moral-good,9a18b6bf3ba27894683250dbe83c11e585669931d083f52472ed427de81251f1,,,,
kmp-nv-021-moral-bad,3b23b71d34008376acb384b33f6c5ad570e09f899187538cd7da5b904de5ad30,,,,
kmp-nv-021-moral-good,66e6c97ab1143795de7fa39dacef7f3e3c1f97849ab64bcbec6447e743bf5a2e,,,,
kmp-nv-022-moral-bad,245477876a4bb4bc56c6671090cb67583863d7922fb8aae6a0478ff8fff1ef61,,,,
kmp-nv-022-moral-good,16b263243808362c64c0f921891db79a5e891515b9131225c98e506f8163b4be,,,,
kmp-nv-023-moral-bad,202fcf88a48307bd25d9ac4e00845d6bcaababf8969c9af9a755af4c8033cfc0,,,,
kmp-nv-023-moral-good,3c0e6e8797a6b3151d69b95e2c4326f8ef61dcea2319eaad1c1afa03c07ded3a,,,,
kmp-nv-024-moral-bad,59faeb8d6604f7961fed2d52c2a3849df308c0ad5b399b95e0419bb4216602ae,,,,
kmp-nv-024-moral-good,a550c859bc1c65f38bd79b4c9e1a71fb6a4fac295a52eeb90d815aae81a2203d,,,,
kmp-nv-025-moral-bad,4ae84a5bc9ae3cbb132a4f5c4d3737c370a6a15a8a1e87e4645a05706a69f4d7,,,,
kmp-nv-025-moral-good,f84f9d24e07f56be717334c2ed8e20fd7a9002cd31dfc25a26de7c8713b621e1,,,,
kmp-nv-026-moral-bad,2860e01cc00df206740b6e09146ce82cf3c10dd472edcec917139bf2db7f400f,,,,
kmp-nv-026-moral-good,a6a83bbad90d19f9ac4174140bded0b36071b843b7dcba7eae0f5d23799cf521,,,,
kmp-nv-027-moral-bad,1439cbbf940cd1a8ee49f25a939d55575cda9fcff5269cdd589a33529f03197b,,,,
kmp-nv-027-moral-good,89efaa8a14d93b9f625cbb1d864dcd0c8e7fbd8ccea8774a6881d5fb4c327707,,,,
kmp-nv-028-moral-bad,419b853f0270b0844ba0afbfbb546aab193c63db21f6b0953f7e58d998698c8f,,,,
kmp-nv-028-moral-good,75774fc7b95a2be3403971733661e6bdc269a737b2a8188e5343342b9fae0295,,,,
kmp-nv-029-moral-bad,a7f547f09f8169e114d1516789f4320ada39d3f055f58431d9cf30ceecf40c6b,,,,
kmp-nv-029-moral-good,7f4cf7e6e96237fd8b487faad849fae0dac366a605815badce66c8ea41dab918,,,,
kmp-nv-030-moral-bad,c63f25c3cbe7a4ee6e90e18b2a695470fe38658591f1b3b674e7e7eab06eda22,,,,
kmp-nv-030-moral-good,a55c7d2e6d50ea720adbff1804a5603adc4cfa9ef5b3d15575a07e5b1784f454,,,,
kmp-nv-031-moral-bad,e438f3982a6e613c72fe3adef77e33c5c204690af9d9906e252e712645052896,,,,
kmp-nv-031-moral-good,bba6f28f699095a50029d1db87fd1a749be26e583454b60d85122ceffc9ab5d9,,,,
kmp-nv-032-moral-bad,7fb86a7cc46b8da6fdaf97a19db04032daead30b1f82e0865e12b17e7125d5a0,,,,
kmp-nv-032-moral-good,e861cea5d0bad064e7b35199b22533e2c581b58200845b984cd1718c118f2242,,,,
kmp-nv-033-moral-bad,69b3569e724c2c476ce6eebfd1ae13c34688b13e3f4b3e22177ea939caccf08e,,,,
kmp-nv-033-moral-good,9694a25436c6a85397a4c7b64972a2e1677cae7860fb0ef24b928ab9ce20e47e,,,,
kmp-nv-034-moral-bad,ed338cc7d85581cba4e3b1a6ce8d68a0b2b9314719e1cb31b12e45aafbb02f38,,,,
kmp-nv-034-moral-good,2dd603de028d86a0c02c22d38ee3b0139c7e01e84172a00280646e254152438d,,,,
kmp-nv-035-moral-bad,51685f4f6301a1be33b686d41c9fb22c9f6e3f0bff628a95e29d6253f8802532,,,,
kmp-nv-035-moral-good,c1c57d3f37199d9ea8d18cc50753549186bc18a4860ca6ee39156b1fca4fa5d4,,,,
kmp-nv-036-moral-bad,9bdef7601016fbefebc4869ecfa0f44a7524a742acbc1ab1f069fbcffa068d5a,,,,
kmp-nv-036-moral-good,e22573089dfbb982e950ccdb62929ae1ec7437d04063f121fc436820d332227e,,,,
kmp-nv-037-moral-bad,51fa03e86e46c82d3cf5393ae8c14612222b5ebdd3f5c98aaa0b52506fa90d59,,,,
kmp-nv-037-moral-good,1dba7571a3239f6be3e820d1c8d08c2bf30218ab76441a323cd08eb89f39d833,,,,
kmp-nv-038-moral-bad,0bb29b2d394f05afa17a2607fe41fde3a2e78cd5093983899474e8dc5feb3a8d,,,,
kmp-nv-038-moral-good,4175be78cc182f88d4cb142c736f468321b9401bba6060f010e439cda5594fe8,,,,
kmp-nv-039-moral-bad,d964f2a03b2daccdd880b45ff0248cd8c1fadd1975ab4d5ea7166bb28513c9d8,,,,
kmp-nv-039-moral-good,350bf0fcc71388016430a49c15879c815c058e8d860bbdd5a3e86aef11be71a0,,,,
kmp-nv-040-moral-bad,104aad367ad06cb8edc3de36c7d2713ea7fa8d4f578cf15b5e232584ce068895,,,,
kmp-nv-040-moral-good,6ee90fca1bfdabbfdb43961b1f030628d897a89f0a56873c499b456287d0d4f8,,,,
