family,arm,n_groups,beta_obs,se_obs,already_powered,storylines_for_80pct
gemma,harm_control,30,4.133,0.427,True,31.0
gemma,nonharm_pooled,26,4.435,0.581,True,27.0
gemma,loyalty,10,2.552,0.92,False,13.0
gemma,authority,9,7.631,0.714,True,10.0
gemma,fairness,8,3.284,1.559,False,17.0
gemma,purity,6,3.263,1.269,False,10.0
llama,harm_control,30,0.66,0.374,False,78.0
llama,nonharm_pooled,26,0.287,0.34,False,288.0
llama,loyalty,10,0.541,0.599,False,99.0
llama,authority,9,1.066,0.434,False,14.0
llama,fairness,8,-0.048,0.997,False,
llama,purity,6,-0.728,0.793,False,58.0
mistral,harm_control,30,1.749,0.32,True,31.0
mistral,nonharm_pooled,26,1.001,0.346,False,27.0
mistral,loyalty,10,0.975,0.878,False,66.0
mistral,authority,9,0.238,0.532,False,357.0
mistral,fairness,8,1.071,0.392,False,11.0
mistral,purity,6,2.108,0.841,False,10.0
