pilot,family,tuning,question,arm,n_bad,n_good,fail_bad_pct,fail_good_pct,gap_bad_minus_good_pp
moral_foundations,gemma,finetuned,q_intentionality,authority,225,225,34.2,44.0,-9.8
moral_foundations,gemma,finetuned,q_intentionality,fairness,200,200,45.5,53.0,-7.5
moral_foundations,gemma,finetuned,q_intentionality,harm_control,750,750,37.6,53.9,-16.3
moral_foundations,gemma,finetuned,q_intentionality,loyalty,250,250,46.0,54.0,-8.0
moral_foundations,gemma,finetuned,q_intentionality,purity,150,150,32.7,58.0,-25.3
moral_foundations,gemma,pretrained,q_intentionality,authority,225,225,27.6,23.1,4.5
moral_foundations,gemma,pretrained,q_intentionality,fairness,200,200,24.5,26.0,-1.5
moral_foundations,gemma,pretrained,q_intentionality,harm_control,750,750,29.3,24.7,4.6
moral_foundations,gemma,pretrained,q_intentionality,loyalty,250,250,30.8,36.8,-6.0
moral_foundations,gemma,pretrained,q_intentionality,purity,150,150,29.3,32.7,-3.4
moral_foundations,llama,finetuned,q_intentionality,authority,225,225,23.1,30.2,-7.1
moral_foundations,llama,finetuned,q_intentionality,fairness,200,200,21.5,15.5,6.0
moral_foundations,llama,finetuned,q_intentionality,harm_control,750,750,28.0,28.3,-0.3
moral_foundations,llama,finetuned,q_intentionality,loyalty,250,250,26.8,26.0,0.8
moral_foundations,llama,finetuned,q_intentionality,purity,150,150,31.3,30.0,1.3
moral_foundations,llama,pretrained,q_intentionality,authority,225,225,44.0,50.7,-6.7
moral_foundations,llama,pretrained,q_intentionality,fairness,200,200,45.0,46.0,-1.0
moral_foundations,llama,pretrained,q_intentionality,harm_control,750,750,49.6,47.3,2.3
moral_foundations,llama,pretrained,q_intentionality,loyalty,250,250,48.0,48.4,-0.4
moral_foundations,llama,pretrained,q_intentionality,purity,150,150,51.3,50.7,0.6
moral_foundations,mistral,finetuned,q_intentionality,authority,225,225,2.2,0.4,1.8
moral_foundations,mistral,finetuned,q_intentionality,fairness,200,200,1.0,0.5,0.5
moral_foundations,mistral,finetuned,q_intentionality,harm_control,750,750,0.5,0.9,-0.4
moral_foundations,mistral,finetuned,q_intentionality,loyalty,250,250,0.8,1.2,-0.4
moral_foundations,mistral,finetuned,q_intentionality,purity,150,150,1.3,1.3,0.0
moral_foundations,mistral,pretrained,q_intentionality,authority,225,225,47.1,48.9,-1.8
moral_foundations,mistral,pretrained,q_intentionality,fairness,200,200,47.0,47.0,0.0
moral_foundations,mistral,pretrained,q_intentionality,harm_control,750,750,43.2,47.1,-3.9
moral_foundations,mistral,pretrained,q_intentionality,loyalty,250,250,44.4,46.0,-1.6
moral_foundations,mistral,pretrained,q_intentionality,purity,150,150,49.3,42.7,6.6
nonmoral,gemma,finetuned,q_blame,moral,975,350,40.7,61.1,-20.4
nonmoral,gemma,finetuned,q_blame,nonmoral_procedural,925,950,26.1,48.5,-22.4
nonmoral,gemma,finetuned,q_blame,nonmoral_prudential,875,825,50.3,66.8,-16.5
nonmoral,gemma,finetuned,q_intentionality,moral,975,350,34.8,49.4,-14.6
nonmoral,gemma,finetuned,q_intentionality,nonmoral_procedural,925,950,24.5,50.3,-25.8
nonmoral,gemma,finetuned,q_intentionality,nonmoral_prudential,875,825,44.5,54.1,-9.6
nonmoral,gemma,finetuned,q_praise,moral,975,350,32.3,59.4,-27.1
nonmoral,gemma,finetuned,q_praise,nonmoral_procedural,925,950,27.8,50.8,-23.0
nonmoral,gemma,finetuned,q_praise,nonmoral_prudential,875,825,52.5,62.7,-10.2
nonmoral,gemma,pretrained,q_intentionality,moral,975,350,27.7,30.3,-2.6
nonmoral,gemma,pretrained,q_intentionality,nonmoral_procedural,925,950,25.1,25.1,0.0
nonmoral,gemma,pretrained,q_intentionality,nonmoral_prudential,875,825,23.8,28.5,-4.7
nonmoral,llama,finetuned,q_blame,moral,975,350,26.3,20.9,5.4
nonmoral,llama,finetuned,q_blame,nonmoral_procedural,925,950,24.3,13.5,10.8
nonmoral,llama,finetuned,q_blame,nonmoral_prudential,875,825,28.2,22.2,6.0
nonmoral,llama,finetuned,q_intentionality,moral,975,350,33.4,33.7,-0.3
nonmoral,llama,finetuned,q_intentionality,nonmoral_procedural,925,950,32.4,34.2,-1.8
nonmoral,llama,finetuned,q_intentionality,nonmoral_prudential,875,825,27.9,30.1,-2.2
nonmoral,llama,finetuned,q_praise,moral,975,350,22.2,19.1,3.1
nonmoral,llama,finetuned,q_praise,nonmoral_procedural,925,950,21.3,18.5,2.8
nonmoral,llama,finetuned,q_praise,nonmoral_prudential,875,825,21.1,20.1,1.0
nonmoral,llama,pretrained,q_intentionality,moral,975,350,45.7,44.6,1.1
nonmoral,llama,pretrained,q_intentionality,nonmoral_procedural,925,950,44.9,43.5,1.4
nonmoral,llama,pretrained,q_intentionality,nonmoral_prudential,875,825,45.4,47.8,-2.4
nonmoral,mistral,finetuned,q_blame,moral,975,350,1.8,1.4,0.4
nonmoral,mistral,finetuned,q_blame,nonmoral_procedural,925,950,2.7,1.5,1.2
nonmoral,mistral,finetuned,q_blame,nonmoral_prudential,875,825,1.6,1.2,0.4
nonmoral,mistral,finetuned,q_intentionality,moral,975,350,1.7,1.7,0.0
nonmoral,mistral,finetuned,q_intentionality,nonmoral_procedural,925,950,1.2,1.2,0.0
nonmoral,mistral,finetuned,q_intentionality,nonmoral_prudential,875,825,2.2,1.9,0.3
nonmoral,mistral,finetuned,q_praise,moral,975,350,0.3,0.3,0.0
nonmoral,mistral,finetuned,q_praise,nonmoral_procedural,925,950,0.9,1.9,-1.0
nonmoral,mistral,finetuned,q_praise,nonmoral_prudential,875,825,1.0,1.9,-0.9
nonmoral,mistral,pretrained,q_intentionality,moral,975,350,46.2,49.4,-3.2
nonmoral,mistral,pretrained,q_intentionality,nonmoral_procedural,925,950,46.8,50.2,-3.4
nonmoral,mistral,pretrained,q_intentionality,nonmoral_prudential,875,825,45.9,44.0,1.9
