pilot,family,tuning,question,arm,term,n,untestable,beta_obs,se_obs,t_obs,p_wcb,n_groups,B
moral_foundations,gemma,finetuned,q_intentionality,authority,sign_c,450,False,-0.09777777777777782,0.0472454424703079,-2.069570580045424,0.06953476738369184,9,1999
moral_foundations,gemma,finetuned,q_intentionality,fairness,sign_c,400,False,-0.07499999999999976,0.06215507838338058,-1.2066592457238978,0.2786393196598299,8,1999
moral_foundations,gemma,finetuned,q_intentionality,harm_control,sign_c,1500,False,-0.1626666666666669,0.02650947640007797,-6.136170485290628,0.0,30,1999
moral_foundations,gemma,finetuned,q_intentionality,loyalty,sign_c,500,False,-0.07999999999999988,0.05567355607513188,-1.4369479092019788,0.21810905452726362,10,1999
moral_foundations,gemma,finetuned,q_intentionality,purity,sign_c,300,False,-0.25333333333333363,0.07578689853503733,-3.3427061699353504,0.015507753876938469,6,1999
moral_foundations,gemma,finetuned,q_intentionality,primary: nonharm_vs_harm,sign_c:arm_c,3150,False,-0.04751515151515123,0.03988650716481545,-1.1912587712635099,0.24012006003001501,34,1999
moral_foundations,gemma,pretrained,q_intentionality,authority,sign_c,450,False,0.04444444444444447,0.046453120629574025,0.9567590689730595,0.37718859429714857,9,1999
moral_foundations,gemma,pretrained,q_intentionality,fairness,sign_c,400,False,-0.014999999999999927,0.042098681629890215,-0.3563056946027942,0.7883941970985493,8,1999
moral_foundations,gemma,pretrained,q_intentionality,harm_control,sign_c,1500,False,0.046666666666666766,0.028331626701784164,1.6471580385367695,0.10155077538769385,30,1999
moral_foundations,gemma,pretrained,q_intentionality,loyalty,sign_c,500,False,-0.0599999999999999,0.03228139330037737,-1.8586558343904724,0.10305152576288144,10,1999
moral_foundations,gemma,pretrained,q_intentionality,purity,sign_c,300,False,-0.033333333333333395,0.03645392830531289,-0.9143961949493193,0.36518259129564784,6,1999
moral_foundations,gemma,pretrained,q_intentionality,primary: nonharm_vs_harm,sign_c:arm_c,3150,False,0.062424242424242236,0.0284654778781011,2.192980658591581,0.0335167583791896,34,1999
moral_foundations,llama,finetuned,q_intentionality,authority,sign_c,450,False,-0.07111111111111115,0.0338856360655908,-2.098562086114151,0.0880440220110055,9,1999
moral_foundations,llama,finetuned,q_intentionality,fairness,sign_c,400,False,0.05999999999999989,0.03211161439252879,1.868482825764117,0.0815407703851926,8,1999
moral_foundations,llama,finetuned,q_intentionality,harm_control,sign_c,1500,False,-0.0026666666666666436,0.028644930801582626,-0.09309384215790498,0.9584792396198099,30,1999
moral_foundations,llama,finetuned,q_intentionality,loyalty,sign_c,500,False,0.007999999999999993,0.030317905075041354,0.2638704745660624,0.7508754377188595,10,1999
moral_foundations,llama,finetuned,q_intentionality,purity,sign_c,300,False,0.01333333333333329,0.03533582364277156,0.37733189604201606,0.8919459729864933,6,1999
moral_foundations,llama,finetuned,q_intentionality,primary: nonharm_vs_harm,sign_c:arm_c,3150,False,-0.0026666666666666627,0.03209995647676526,-0.08307384057037155,0.9339669834917459,34,1999
moral_foundations,llama,pretrained,q_intentionality,authority,sign_c,450,False,-0.0666666666666667,0.038339802766713345,-1.7388369750442942,0.13206603301650827,9,1999
moral_foundations,llama,pretrained,q_intentionality,fairness,sign_c,400,False,-0.009999999999999922,0.051750755584025636,-0.19323389363394552,0.8764382191095548,8,1999
moral_foundations,llama,pretrained,q_intentionality,harm_control,sign_c,1500,False,0.022666666666666748,0.022592922283244596,1.003264048027857,0.3196598299149575,30,1999
moral_foundations,llama,pretrained,q_intentionality,loyalty,sign_c,500,False,-0.003999999999999979,0.049742254010073386,-0.08041453045513243,0.9549774887443722,10,1999
moral_foundations,llama,pretrained,q_intentionality,purity,sign_c,300,False,0.006666666666666536,0.06495039121067017,0.10264244052114845,0.9334667333666833,6,1999
moral_foundations,llama,pretrained,q_intentionality,primary: nonharm_vs_harm,sign_c:arm_c,3150,False,0.04327272727272716,0.027965486388708275,1.547361868528042,0.13806903451725863,34,1999
moral_foundations,mistral,finetuned,q_intentionality,authority,sign_c,450,False,0.017777777777777788,0.013532327874657475,1.3137265031148806,0.2976488244122061,9,1999
moral_foundations,mistral,finetuned,q_intentionality,fairness,sign_c,400,False,0.004999999999999989,0.0090746485458752,0.5509855257449826,0.352176088044022,8,1999
moral_foundations,mistral,finetuned,q_intentionality,harm_control,sign_c,1500,False,-0.004000000000000005,0.004001334890742997,-0.9996663886479284,0.5257628814407204,30,1999
moral_foundations,mistral,finetuned,q_intentionality,loyalty,sign_c,500,False,-0.003999999999999994,0.009342699450425039,-0.4281417829209969,0.7468734367183592,10,1999
moral_foundations,mistral,finetuned,q_intentionality,purity,sign_c,300,False,-1.734723475976807e-18,0.014630420944123155,-1.1856962165354664e-16,0.8384192096048024,6,1999
moral_foundations,mistral,finetuned,q_intentionality,primary: nonharm_vs_harm,sign_c:arm_c,3150,False,-0.008848484848484824,0.007842471708575195,-1.1282775606075344,0.25012506253126565,34,1999
moral_foundations,mistral,pretrained,q_intentionality,authority,sign_c,450,False,-0.01777777777777778,0.048639107584289874,-0.36550378205376227,0.7318659329664833,9,1999
moral_foundations,mistral,pretrained,q_intentionality,fairness,sign_c,400,False,6.938893903907228e-17,0.04005021973101393,1.7325482732704998e-15,0.9599799899949975,8,1999
moral_foundations,mistral,pretrained,q_intentionality,harm_control,sign_c,1500,False,-0.038666666666666696,0.028680244064387257,-1.348198661763822,0.2036018009004502,30,1999
moral_foundations,mistral,pretrained,q_intentionality,loyalty,sign_c,500,False,-0.015999999999999962,0.04965264440026632,-0.32223862783658996,0.7633816908454227,10,1999
moral_foundations,mistral,pretrained,q_intentionality,purity,sign_c,300,False,0.0666666666666666,0.07856050167587096,0.8486028633284882,0.4732366183091546,6,1999
moral_foundations,mistral,pretrained,q_intentionality,primary: nonharm_vs_harm,sign_c:arm_c,3150,False,-0.04109090909090897,0.04281599309601671,-0.9597093543704763,0.32516258129064535,34,1999
nonmoral,gemma,finetuned,q_blame,moral,sign_c,1325,False,-0.20424908424908525,0.0293847844940498,-6.950845063724873,0.0,39,1999
nonmoral,gemma,finetuned,q_blame,nonmoral_procedural,sign_c,1875,False,-0.22472261735419408,0.023467058246862002,-9.576088105727688,0.0,40,1999
nonmoral,gemma,finetuned,q_blame,nonmoral_prudential,sign_c,1700,False,-0.16502164502164518,0.024482653238556477,-6.7403497249130275,0.0,37,1999
nonmoral,gemma,finetuned,q_blame,primary: nonmoral_vs_moral,sign_c:arm_c,4900,False,-0.012441572511995128,0.039555492590181485,-0.3145346372221235,0.753376688344172,40,1999
nonmoral,gemma,finetuned,q_intentionality,moral,sign_c,1325,False,-0.14659340659340733,0.046663310851928,-3.1415131913502123,0.010505252626313157,39,1999
nonmoral,gemma,finetuned,q_intentionality,nonmoral_procedural,sign_c,1875,False,-0.25775248933143424,0.02578729048511956,-9.995330431484035,0.0,40,1999
nonmoral,gemma,finetuned,q_intentionality,nonmoral_prudential,sign_c,1700,False,-0.09603463203463215,0.022967218756872323,-4.181378383305396,0.0,37,1999
nonmoral,gemma,finetuned,q_intentionality,primary: nonmoral_vs_moral,sign_c:arm_c,4900,False,0.03174775146606296,0.04888363202159549,0.6494556593511227,0.5222611305652827,40,1999
nonmoral,gemma,finetuned,q_praise,moral,sign_c,1325,False,-0.27120879120879254,0.04309879154358775,-6.292723797940062,0.0,39,1999
nonmoral,gemma,finetuned,q_praise,nonmoral_procedural,sign_c,1875,False,-0.23058321479373894,0.02664008377986293,-8.655498860256413,0.0,40,1999
nonmoral,gemma,finetuned,q_praise,nonmoral_prudential,sign_c,1700,False,-0.10209523809523821,0.030047715054366222,-3.397770443127348,0.0005002501250625312,37,1999
nonmoral,gemma,finetuned,q_praise,primary: nonmoral_vs_moral,sign_c:arm_c,4900,False,-0.10560628729642918,0.04366690957449909,-2.4184511412756784,0.03601800900450225,40,1999
nonmoral,gemma,pretrained,q_intentionality,moral,sign_c,1325,False,-0.02593406593406613,0.03560236390472811,-0.7284366286313365,0.5192596298149075,39,1999
nonmoral,gemma,pretrained,q_intentionality,nonmoral_procedural,sign_c,1875,False,0.0002844950213371127,0.017845249640325113,0.01594233911383543,0.9834917458729364,40,1999
nonmoral,gemma,pretrained,q_intentionality,nonmoral_prudential,sign_c,1700,False,-0.04713419913419919,0.02176491830706652,-2.1656042292102655,0.03701850925462731,37,1999
nonmoral,gemma,pretrained,q_intentionality,primary: nonmoral_vs_moral,sign_c:arm_c,4900,False,-0.003899637139073248,0.039597345359061654,-0.09848228722688442,0.9289644822411206,40,1999
nonmoral,llama,finetuned,q_blame,moral,sign_c,1325,False,0.05399267399267419,0.03240664031466834,1.6660990916801481,0.11905952976488245,39,1999
nonmoral,llama,finetuned,q_blame,nonmoral_procedural,sign_c,1875,False,0.10850640113797907,0.02338309756639822,4.640377556047323,0.0,40,1999
nonmoral,llama,finetuned,q_blame,nonmoral_prudential,sign_c,1700,False,0.06046753246753249,0.023515882262960617,2.571348665185897,0.013506753376688344,37,1999
nonmoral,llama,finetuned,q_blame,primary: nonmoral_vs_moral,sign_c:arm_c,4900,False,-0.0330182806239149,0.03554877732087448,-0.9288162100733165,0.38669334667333666,40,1999
nonmoral,llama,finetuned,q_intentionality,moral,sign_c,1325,False,-0.002783882783882854,0.03137338476800398,-0.08873389991130272,0.935967983991996,39,1999
nonmoral,llama,finetuned,q_intentionality,nonmoral_procedural,sign_c,1875,False,-0.01778093883357026,0.024277806262789144,-0.7323947905797115,0.45522761380690346,40,1999
nonmoral,llama,finetuned,q_intentionality,nonmoral_prudential,sign_c,1700,False,-0.02174891774891778,0.02510986944099026,-0.8661501725458619,0.3886943471735868,37,1999
nonmoral,llama,finetuned,q_intentionality,primary: nonmoral_vs_moral,sign_c:arm_c,4900,False,0.01781079640234602,0.02830789597102635,0.6291812157489803,0.5157578789394698,40,1999
nonmoral,llama,finetuned,q_praise,moral,sign_c,1325,False,0.030109890109890212,0.03152177415821863,0.9552092454808639,0.35167583791895946,39,1999
nonmoral,llama,finetuned,q_praise,nonmoral_procedural,sign_c,1875,False,0.027709815078235885,0.024308815723768685,1.1399080643464572,0.2381190595297649,40,1999
nonmoral,llama,finetuned,q_praise,nonmoral_prudential,sign_c,1700,False,0.010216450216450214,0.028510937684589434,0.35833441640793,0.7248624312156078,37,1999
nonmoral,llama,finetuned,q_praise,primary: nonmoral_vs_moral,sign_c:arm_c,4900,False,0.010563724225696201,0.040443934163942645,0.26119427904504344,0.7963981990995498,40,1999
nonmoral,llama,pretrained,q_intentionality,moral,sign_c,1325,False,0.011721611721611755,0.027990276659943483,0.41877441455898146,0.6953476738369184,39,1999
nonmoral,llama,pretrained,q_intentionality,nonmoral_procedural,sign_c,1875,False,0.013911806543385336,0.023483245458720336,0.592414134913336,0.5582791395697849,40,1999
nonmoral,llama,pretrained,q_intentionality,nonmoral_prudential,sign_c,1700,False,-0.023861471861471924,0.029098527307200712,-0.8200233506513978,0.42971485742871435,37,1999
nonmoral,llama,pretrained,q_intentionality,primary: nonmoral_vs_moral,sign_c:arm_c,4900,False,0.015258387934444992,0.030937727308487414,0.4931967943960456,0.6468234117058529,40,1999
nonmoral,mistral,finetuned,q_blame,moral,sign_c,1325,False,0.004175824175824192,0.007005366543114002,0.5960893195415822,0.5782891445722862,39,1999
nonmoral,mistral,finetuned,q_blame,nonmoral_procedural,sign_c,1875,False,0.012290184921763755,0.005937747760957841,2.06983951096319,0.03951975987993997,40,1999
nonmoral,mistral,finetuned,q_blame,nonmoral_prudential,sign_c,1700,False,0.003878787878787883,0.004699465161984191,0.8253679397742776,0.40070035017508754,37,1999
nonmoral,mistral,finetuned,q_blame,primary: nonmoral_vs_moral,sign_c:arm_c,4900,False,-0.003969715730279169,0.007864211587196305,-0.5047824166814445,0.6183091545772886,40,1999
nonmoral,mistral,finetuned,q_intentionality,moral,sign_c,1325,False,0.00029304029304028914,0.00682029539517712,0.042965923916947736,0.9719859929964982,39,1999
nonmoral,mistral,finetuned,q_intentionality,nonmoral_procedural,sign_c,1875,False,0.0003129445234708373,0.00541836052497648,0.05775631245434627,0.9534767383691846,40,1999
nonmoral,mistral,finetuned,q_intentionality,nonmoral_prudential,sign_c,1700,False,0.0023203463203463237,0.007574523272537378,0.3063356249440943,0.7643821910955477,37,1999
nonmoral,mistral,finetuned,q_intentionality,primary: nonmoral_vs_moral,sign_c:arm_c,4900,False,-0.0011623587679925856,0.007434881191459356,-0.15633858000687592,0.863431715857929,40,1999
nonmoral,mistral,finetuned,q_praise,moral,sign_c,1325,False,0.00021978021978021978,0.0033477584222579987,0.06564996396364295,0.9714857428714357,39,1999
nonmoral,mistral,finetuned,q_praise,nonmoral_procedural,sign_c,1875,False,-0.010298719772403885,0.005254959315832704,-1.9598096109659309,0.058529264632316155,40,1999
nonmoral,mistral,finetuned,q_praise,nonmoral_prudential,sign_c,1700,False,-0.009108225108225112,0.006491204363151564,-1.403164127743307,0.17858929464732365,37,1999
nonmoral,mistral,finetuned,q_praise,primary: nonmoral_vs_moral,sign_c:arm_c,4900,False,0.009930265352800697,0.0052004456842363244,1.9095027533700581,0.0655327663831916,40,1999
nonmoral,mistral,pretrained,q_intentionality,moral,sign_c,1325,False,-0.03274725274725294,0.028229874232547445,-1.160021205815264,0.27963981990995496,39,1999
nonmoral,mistral,pretrained,q_intentionality,nonmoral_procedural,sign_c,1875,False,-0.0339971550497863,0.021106966471103123,-1.6107077772796354,0.11805902951475739,40,1999
nonmoral,mistral,pretrained,q_intentionality,nonmoral_prudential,sign_c,1700,False,0.019428571428571413,0.02390996363526543,0.8125721864300833,0.40520260130065033,37,1999
nonmoral,mistral,pretrained,q_intentionality,primary: nonmoral_vs_moral,sign_c:arm_c,4900,False,-0.02339670501642396,0.03382686909508067,-0.691660376568119,0.49374687343671836,40,1999
